id,tenant_id,node_type,node_key,label,attributes,created_at,updated_at
0ef8f9d1-0f3b-4fd8-a80b-8a6acebcd6ff,7dcc2d9d-6586-4370-a8ae-24e00a92e1c0,action_template,AUDIT_EXPORT,AUDIT_EXPORT,"{""trigger"": ""audit_export_requested"", ""risk_classification"": ""high"", ""approval_requirements"": {""required"": true, ""approver_role"": ""compliance_officer""}, ""tenant_override"": false, ""is_enabled"": true}",2026-04-11 19:00:58.190707+00,2026-04-11 19:00:58.190708+00
88cd2a04-a473-463f-bba9-9baded2745b0,7dcc2d9d-6586-4370-a8ae-24e00a92e1c0,action_template,BULK_SOFT_DELETE,BULK_SOFT_DELETE,"{""trigger"": ""bulk_delete_request_approved"", ""risk_classification"": ""high"", ""approval_requirements"": {""required"": true, ""approver_role"": ""it_head""}, ""tenant_override"": false, ""is_enabled"": true}",2026-04-11 19:00:58.182716+00,2026-04-11 19:00:58.182717+00
dab92e87-3b17-4019-88dd-0b7ef1fad11e,7dcc2d9d-6586-4370-a8ae-24e00a92e1c0,action_template,CONNECTOR_REFRESH,CONNECTOR_REFRESH,"{""trigger"": ""connector_schema_drift_detected"", ""risk_classification"": ""medium"", ""approval_requirements"": {""required"": false}, ""tenant_override"": false, ""is_enabled"": true}",2026-04-11 19:00:58.189504+00,2026-04-11 19:00:58.189505+00
585b8348-6700-465f-8d3b-084f98f23592,7dcc2d9d-6586-4370-a8ae-24e00a92e1c0,action_template,CONSENT_WITHDRAWAL,CONSENT_WITHDRAWAL,"{""trigger"": ""consent_revoked"", ""risk_classification"": ""medium"", ""approval_requirements"": {""required"": false}, ""tenant_override"": false, ""is_enabled"": true}",2026-04-11 19:00:58.185051+00,2026-04-11 19:00:58.185052+00
d4d2d36f-2bad-47cc-82c4-542688227ccb,7dcc2d9d-6586-4370-a8ae-24e00a92e1c0,action_template,DSAR_EXECUTE,DSAR_EXECUTE,"{""trigger"": ""dsar_request_received"", ""risk_classification"": ""high"", ""approval_requirements"": {""required"": true, ""approver_role"": ""compliance_officer""}, ""tenant_override"": false, ""is_enabled"": true}",2026-04-11 19:00:58.178006+00,2026-04-11 19:00:58.178007+00
d9c3f065-4c67-4ad2-957f-63b5153f295b,7dcc2d9d-6586-4370-a8ae-24e00a92e1c0,action_template,ERASURE_EXECUTE,ERASURE_EXECUTE,"{""trigger"": ""erasure_request_approved"", ""risk_classification"": ""critical"", ""approval_requirements"": {""required"": true, ""approver_role"": ""compliance_officer""}, ""tenant_override"": false, ""is_enabled"": true}",2026-04-11 19:00:58.179973+00,2026-04-11 19:00:58.179974+00
1eee662e-91f9-46d9-a41d-859a31dd2aaa,7dcc2d9d-6586-4370-a8ae-24e00a92e1c0,action_template,ESCALATE_TO_MANAGER,ESCALATE_TO_MANAGER,"{""trigger"": ""approval_sla_breached"", ""risk_classification"": ""medium"", ""approval_requirements"": {""required"": false}, ""tenant_override"": false, ""is_enabled"": true}",2026-04-11 19:00:58.181385+00,2026-04-11 19:00:58.181386+00
d5315996-143f-4e71-a9ee-0e64a2bf3d7f,7dcc2d9d-6586-4370-a8ae-24e00a92e1c0,action_template,FIELD_MASKING_UPDATE,FIELD_MASKING_UPDATE,"{""trigger"": ""masking_change_submitted"", ""risk_classification"": ""high"", ""approval_requirements"": {""required"": true, ""approver_role"": ""compliance_officer""}, ""tenant_override"": false, ""is_enabled"": true}",2026-04-11 19:00:58.183715+00,2026-04-11 19:00:58.183716+00
511ee646-52fd-4597-a984-645c02162275,7dcc2d9d-6586-4370-a8ae-24e00a92e1c0,action_template,INCIDENT_RESPONSE,INCIDENT_RESPONSE,"{""trigger"": ""security_incident_detected"", ""risk_classification"": ""critical"", ""approval_requirements"": {""required"": true, ""approver_role"": ""security_lead""}, ""tenant_override"": false, ""is_enabled"": true}",2026-04-11 19:00:58.18686+00,2026-04-11 19:00:58.18686+00
ddf7b096-a083-4d2f-9114-16cf6cf7df42,7dcc2d9d-6586-4370-a8ae-24e00a92e1c0,action_template,POLICY_UPDATE,POLICY_UPDATE,"{""trigger"": ""policy_change_approved"", ""risk_classification"": ""high"", ""approval_requirements"": {""required"": true, ""approver_role"": ""it_head""}, ""tenant_override"": false, ""is_enabled"": true}",2026-04-11 19:00:58.188298+00,2026-04-11 19:00:58.188299+00
032c6ded-3630-4ab3-a2bb-da043385a765,7dcc2d9d-6586-4370-a8ae-24e00a92e1c0,action_template,SCHEDULED_REPORTING,SCHEDULED_REPORTING,"{""trigger"": ""schedule_tick"", ""risk_classification"": ""low"", ""approval_requirements"": {""required"": false}, ""tenant_override"": false, ""is_enabled"": true}",2026-04-11 19:00:58.193062+00,2026-04-11 19:00:58.193062+00
7c98fa47-f39e-439b-a235-1e22e48f8253,7dcc2d9d-6586-4370-a8ae-24e00a92e1c0,action_template,SEGMENT_ACTIVATION,SEGMENT_ACTIVATION,"{""trigger"": ""segment_activation_requested"", ""risk_classification"": ""high"", ""approval_requirements"": {""required"": true, ""approver_role"": ""marketing_owner""}, ""tenant_override"": false, ""is_enabled"": true}",2026-04-11 19:00:58.191727+00,2026-04-11 19:00:58.191727+00
b082e4d7-459f-4c64-8c0d-d84b6b333a9b,7dcc2d9d-6586-4370-a8ae-24e00a92e1c0,data_scope,analytics,Analytics,{},2026-04-11 19:00:58.18653+00,2026-04-11 19:00:58.186531+00
bf7f2fc7-f81f-4c71-9fa5-b96f87a3d414,7dcc2d9d-6586-4370-a8ae-24e00a92e1c0,data_scope,audience,Audience,{},2026-04-11 19:00:58.192576+00,2026-04-11 19:00:58.192577+00
f00f0b9d-98d4-49b5-9607-8dc3308843dd,7dcc2d9d-6586-4370-a8ae-24e00a92e1c0,data_scope,audit,Audit,{},2026-04-11 19:00:58.179567+00,2026-04-11 19:00:58.179568+00
23bda6a5-1b8d-48fe-a57b-b4c833e5697c,7dcc2d9d-6586-4370-a8ae-24e00a92e1c0,data_scope,connector,Connector,{},2026-04-11 19:00:58.1902+00,2026-04-11 19:00:58.190201+00
90fa8eaa-58b2-4d4a-b099-bb493302e157,7dcc2d9d-6586-4370-a8ae-24e00a92e1c0,data_scope,consent,Consent,{},2026-04-11 19:00:58.185901+00,2026-04-11 19:00:58.185902+00
63eba196-391d-4f4e-bf97-cc52b2e10190,7dcc2d9d-6586-4370-a8ae-24e00a92e1c0,data_scope,identity,Identity,{},2026-04-11 19:00:58.17893+00,2026-04-11 19:00:58.178931+00
1454381f-e8f5-47ac-8b20-4cacefc996e2,7dcc2d9d-6586-4370-a8ae-24e00a92e1c0,data_scope,marketing,Marketing,{},2026-04-11 19:00:58.186221+00,2026-04-11 19:00:58.186222+00
340cd507-ed76-4653-9e8a-c9a729081b93,7dcc2d9d-6586-4370-a8ae-24e00a92e1c0,data_scope,policy,Policy,{},2026-04-11 19:00:58.184731+00,2026-04-11 19:00:58.184732+00
cb771ae8-276c-47e8-8c93-fbf9e4222e88,7dcc2d9d-6586-4370-a8ae-24e00a92e1c0,data_scope,records,Records,{},2026-04-11 19:00:58.179259+00,2026-04-11 19:00:58.17926+00
7d0f2c37-1626-4eb7-aca4-bfe2ac7eab02,7dcc2d9d-6586-4370-a8ae-24e00a92e1c0,data_scope,reporting,Reporting,{},2026-04-11 19:00:58.193967+00,2026-04-11 19:00:58.193968+00
d4415e97-cfa0-4989-94fa-acaf73266324,7dcc2d9d-6586-4370-a8ae-24e00a92e1c0,data_scope,retention,Retention,{},2026-04-11 19:00:58.181076+00,2026-04-11 19:00:58.181077+00
7be031f4-1006-468b-963e-61614efd49d5,7dcc2d9d-6586-4370-a8ae-24e00a92e1c0,data_scope,schema,Schema,{},2026-04-11 19:00:58.184419+00,2026-04-11 19:00:58.18442+00
1e96f06d-4430-482c-9228-d6403c91383d,7dcc2d9d-6586-4370-a8ae-24e00a92e1c0,data_scope,security,Security,{},2026-04-11 19:00:58.187707+00,2026-04-11 19:00:58.187708+00
13693c5b-c899-4691-8afa-1a5c9b800e66,7dcc2d9d-6586-4370-a8ae-24e00a92e1c0,data_scope,workflow,Workflow,{},2026-04-11 19:00:58.182221+00,2026-04-11 19:00:58.182222+00
d3ae1027-c6d3-41a6-bf02-e4f97cd0bd0b,7dcc2d9d-6586-4370-a8ae-24e00a92e1c0,data_source,39155b78-285a-47ea-827b-a50558dd981d,ERP Adapter,"{""source_type"": ""erpnext"", ""status"": ""paused""}",2026-04-11 19:00:58.173933+00,2026-04-11 19:00:58.173934+00
0e04a8d4-cd27-406a-91bd-778dd4b2d7d5,7dcc2d9d-6586-4370-a8ae-24e00a92e1c0,data_source,4756ceb0-b9d7-4a11-b75e-d531a26f31cb,Research Sheet Connector,"{""source_type"": ""google_sheets"", ""status"": ""disconnected""}",2026-04-11 19:00:58.174236+00,2026-04-11 19:00:58.174236+00
0e8a3201-bde5-4e88-bbd1-5b3c24d758f4,7dcc2d9d-6586-4370-a8ae-24e00a92e1c0,data_source,dd7578df-3423-4a8e-8d59-ebb3a2dd1dcb,Campus MySQL Mirror,"{""source_type"": ""mysql"", ""status"": ""connected""}",2026-04-11 19:00:58.173613+00,2026-04-11 19:00:58.173613+00
ca68ac0f-d739-433a-b566-3b429dfb7361,7dcc2d9d-6586-4370-a8ae-24e00a92e1c0,data_source,f0bea66f-7690-45a7-ab90-6a018154d04a,Campus PostgreSQL Mirror,"{""source_type"": ""postgresql"", ""status"": ""connected""}",2026-04-11 19:00:58.173269+00,2026-04-11 19:00:58.17327+00
cdb33a6d-bba0-4e89-9cb6-e3db4399c63e,7dcc2d9d-6586-4370-a8ae-24e00a92e1c0,data_source,ffd5e43b-ce90-45a2-9478-f33f32c902cd,Campus Claim Store,"{""source_type"": ""ipeds_claims"", ""status"": ""connected""}",2026-04-11 19:00:58.172912+00,2026-04-11 19:00:58.172913+00
7153b8d5-131e-40ef-a1ad-2b87a6f92c2a,7dcc2d9d-6586-4370-a8ae-24e00a92e1c0,domain,academic,Academic,{},2026-04-11 19:00:58.101099+00,2026-04-11 19:00:58.1011+00
a713e6bf-0dc4-4d96-b9df-0b217ba22216,7dcc2d9d-6586-4370-a8ae-24e00a92e1c0,domain,admin,Admin,{},2026-04-11 19:00:58.106881+00,2026-04-11 19:00:58.106882+00
7eecd653-4f79-4c52-8339-51a65e7d0cfa,7dcc2d9d-6586-4370-a8ae-24e00a92e1c0,domain,admissions,Admissions,{},2026-04-11 19:00:58.098367+00,2026-04-11 19:00:58.098368+00
6d5aba44-a58e-46c7-b4ad-e361eedf01f9,7dcc2d9d-6586-4370-a8ae-24e00a92e1c0,domain,campus,Campus,{},2026-04-11 19:00:58.099999+00,2026-04-11 19:00:58.1+00
c9500c37-1ae8-4e6a-9cfe-787a4dd3d915,7dcc2d9d-6586-4370-a8ae-24e00a92e1c0,domain,department,Department,{},2026-04-11 19:00:58.101413+00,2026-04-11 19:00:58.101414+00
c0062422-7795-496f-8f05-8f2db79c04f6,7dcc2d9d-6586-4370-a8ae-24e00a92e1c0,domain,exam,Exam,{},2026-04-11 19:00:58.099603+00,2026-04-11 19:00:58.099604+00
574c01bf-7921-4f9b-bcee-4ea6eac677bc,7dcc2d9d-6586-4370-a8ae-24e00a92e1c0,domain,finance,Finance,{},2026-04-11 19:00:58.098841+00,2026-04-11 19:00:58.098842+00
1b2838f5-4b9d-4920-907c-c3a3e29f8ad5,7dcc2d9d-6586-4370-a8ae-24e00a92e1c0,domain,hr,Hr,{},2026-04-11 19:00:58.099231+00,2026-04-11 19:00:58.099232+00
0d384a73-5eb2-46c5-8ad3-694f41996aff,7dcc2d9d-6586-4370-a8ae-24e00a92e1c0,domain,notices,Notices,{},2026-04-11 19:00:58.100376+00,2026-04-11 19:00:58.100377+00
12a61f42-aa11-45b1-95c3-5aa9f84a7343,7dcc2d9d-6586-4370-a8ae-24e00a92e1c0,domain_keyword,academic:academic,academic,"{""domain"": ""academic""}",2026-04-11 19:00:58.12783+00,2026-04-11 19:00:58.127831+00
e33c1fa6-5887-4d5e-a306-8ce9908b276f,7dcc2d9d-6586-4370-a8ae-24e00a92e1c0,domain_keyword,academic:attendance,attendance,"{""domain"": ""academic""}",2026-04-11 19:00:58.12894+00,2026-04-11 19:00:58.12894+00
fb673bd4-cf3a-441a-8dda-e388816bee48,7dcc2d9d-6586-4370-a8ae-24e00a92e1c0,domain_keyword,academic:course,course,"{""domain"": ""academic""}",2026-04-11 19:00:58.128171+00,2026-04-11 19:00:58.128172+00
cd443e8a-fe11-41e2-9d8c-7bc4451ca58a,7dcc2d9d-6586-4370-a8ae-24e00a92e1c0,domain_keyword,academic:grade,grade,"{""domain"": ""academic""}",2026-04-11 19:00:58.128677+00,2026-04-11 19:00:58.128677+00
f2050af6-64c5-46ea-a8b0-df053731f4ab,7dcc2d9d-6586-4370-a8ae-24e00a92e1c0,domain_keyword,academic:student,student,"{""domain"": ""academic""}",2026-04-11 19:00:58.128438+00,2026-04-11 19:00:58.128439+00
80ac57dc-7387-4c67-a241-7ef75527ca59,7dcc2d9d-6586-4370-a8ae-24e00a92e1c0,domain_keyword,admin:admin,admin,"{""domain"": ""admin""}",2026-04-11 19:00:58.129214+00,2026-04-11 19:00:58.129215+00
3184e593-a1f3-498f-a9eb-e00accb61a9b,7dcc2d9d-6586-4370-a8ae-24e00a92e1c0,domain_keyword,admin:audit,audit,"{""domain"": ""admin""}",2026-04-11 19:00:58.130174+00,2026-04-11 19:00:58.130174+00
47a438db-28f3-4d5d-9d28-fdfe92fbccd2,7dcc2d9d-6586-4370-a8ae-24e00a92e1c0,domain_keyword,admin:policy,policy,"{""domain"": ""admin""}",2026-04-11 19:00:58.12953+00,2026-04-11 19:00:58.12953+00
3cdd4419-fefc-4bf8-9a03-8d0052f30a75,7dcc2d9d-6586-4370-a8ae-24e00a92e1c0,domain_keyword,admin:security,security,"{""domain"": ""admin""}",2026-04-11 19:00:58.129854+00,2026-04-11 19:00:58.129855+00
a7d09c41-d263-4424-9940-69a6bda943f8,7dcc2d9d-6586-4370-a8ae-24e00a92e1c0,domain_keyword,admissions:admissions,admissions,"{""domain"": ""admissions""}",2026-04-11 19:00:58.130481+00,2026-04-11 19:00:58.130482+00
79087e90-1459-4f22-b40d-f8742fb2b96b,7dcc2d9d-6586-4370-a8ae-24e00a92e1c0,domain_keyword,admissions:application,application,"{""domain"": ""admissions""}",2026-04-11 19:00:58.130813+00,2026-04-11 19:00:58.130815+00
4bfb0e29-3a71-4589-91f4-05416587eb14,7dcc2d9d-6586-4370-a8ae-24e00a92e1c0,domain_keyword,admissions:enrollment,enrollment,"{""domain"": ""admissions""}",2026-04-11 19:00:58.131119+00,2026-04-11 19:00:58.131119+00
e2732167-5bbe-42b8-bb0b-76a62799c1c7,7dcc2d9d-6586-4370-a8ae-24e00a92e1c0,domain_keyword,admissions:intake,intake,"{""domain"": ""admissions""}",2026-04-11 19:00:58.131464+00,2026-04-11 19:00:58.131465+00
944f8692-ba4b-41cd-b8ce-9c483e31fa79,7dcc2d9d-6586-4370-a8ae-24e00a92e1c0,domain_keyword,campus:campus,campus,"{""domain"": ""campus""}",2026-04-11 19:00:58.131799+00,2026-04-11 19:00:58.1318+00
7013b648-398f-420b-90a9-6138ff9c159d,7dcc2d9d-6586-4370-a8ae-24e00a92e1c0,domain_keyword,campus:facility,facility,"{""domain"": ""campus""}",2026-04-11 19:00:58.132207+00,2026-04-11 19:00:58.132208+00
cbb0399e-57a0-445d-a6ae-d37e020a11b0,7dcc2d9d-6586-4370-a8ae-24e00a92e1c0,domain_keyword,campus:operations,operations,"{""domain"": ""campus""}",2026-04-11 19:00:58.132539+00,2026-04-11 19:00:58.132539+00
c0614496-e5e0-4c22-b034-c75bf7261783,7dcc2d9d-6586-4370-a8ae-24e00a92e1c0,domain_keyword,campus:transport,transport,"{""domain"": ""campus""}",2026-04-11 19:00:58.13287+00,2026-04-11 19:00:58.13287+00
48a0ff86-2345-43a9-9f60-238d7c1a0e43,7dcc2d9d-6586-4370-a8ae-24e00a92e1c0,domain_keyword,department:department,department,"{""domain"": ""department""}",2026-04-11 19:00:58.133191+00,2026-04-11 19:00:58.133191+00
a685eff9-bf83-4eee-be5c-cee5daeb0767,7dcc2d9d-6586-4370-a8ae-24e00a92e1c0,domain_keyword,department:faculty,faculty,"{""domain"": ""department""}",2026-04-11 19:00:58.133835+00,2026-04-11 19:00:58.133836+00
dec0ee32-1072-4f7b-b733-32a65f4fddbc,7dcc2d9d-6586-4370-a8ae-24e00a92e1c0,domain_keyword,department:program,program,"{""domain"": ""department""}",2026-04-11 19:00:58.134145+00,2026-04-11 19:00:58.134146+00
191513f7-2856-4d6f-8e4e-059ef1b8364e,7dcc2d9d-6586-4370-a8ae-24e00a92e1c0,domain_keyword,department:team,team,"{""domain"": ""department""}",2026-04-11 19:00:58.133518+00,2026-04-11 19:00:58.133518+00
2b87e515-3645-468a-a7ca-66ecf2815a79,7dcc2d9d-6586-4370-a8ae-24e00a92e1c0,domain_keyword,exam:assessment,assessment,"{""domain"": ""exam""}",2026-04-11 19:00:58.135404+00,2026-04-11 19:00:58.135405+00
ff7496cc-0326-402b-a966-8e0976c48ff2,7dcc2d9d-6586-4370-a8ae-24e00a92e1c0,domain_keyword,exam:exam,exam,"{""domain"": ""exam""}",2026-04-11 19:00:58.134446+00,2026-04-11 19:00:58.134447+00
7fa71d6e-3bd0-46af-b5f2-b32635489e1f,7dcc2d9d-6586-4370-a8ae-24e00a92e1c0,domain_keyword,exam:marks,marks,"{""domain"": ""exam""}",2026-04-11 19:00:58.135838+00,2026-04-11 19:00:58.135839+00
9bf5daad-059f-461b-ad6d-1d4496e33313,7dcc2d9d-6586-4370-a8ae-24e00a92e1c0,domain_keyword,exam:result,result,"{""domain"": ""exam""}",2026-04-11 19:00:58.13477+00,2026-04-11 19:00:58.13477+00
b65ce31c-4352-4781-a4f5-dd800b8a9924,7dcc2d9d-6586-4370-a8ae-24e00a92e1c0,domain_keyword,exam:schedule,schedule,"{""domain"": ""exam""}",2026-04-11 19:00:58.135079+00,2026-04-11 19:00:58.13508+00
2b54730e-ea73-4b71-8895-4adbe0d093b9,7dcc2d9d-6586-4370-a8ae-24e00a92e1c0,domain_keyword,finance:budget,budget,"{""domain"": ""finance""}",2026-04-11 19:00:58.136705+00,2026-04-11 19:00:58.136706+00
846fa22a-3201-4f1e-8cba-33d2aee5f41f,7dcc2d9d-6586-4370-a8ae-24e00a92e1c0,domain_keyword,finance:fee,fee,"{""domain"": ""finance""}",2026-04-11 19:00:58.137742+00,2026-04-11 19:00:58.137743+00
0b9da40a-fa29-491e-b389-a474ed142da7,7dcc2d9d-6586-4370-a8ae-24e00a92e1c0,domain_keyword,finance:finance,finance,"{""domain"": ""finance""}",2026-04-11 19:00:58.136249+00,2026-04-11 19:00:58.13625+00
43952436-a79a-4b7f-a801-c784370e0665,7dcc2d9d-6586-4370-a8ae-24e00a92e1c0,domain_keyword,finance:invoice,invoice,"{""domain"": ""finance""}",2026-04-11 19:00:58.138109+00,2026-04-11 19:00:58.138109+00
4b0b7a65-7423-40ca-a67c-ee6db3bdf161,7dcc2d9d-6586-4370-a8ae-24e00a92e1c0,domain_keyword,finance:payment,payment,"{""domain"": ""finance""}",2026-04-11 19:00:58.137427+00,2026-04-11 19:00:58.137428+00
bc4fe874-e94c-4d31-95e4-be17618549a6,7dcc2d9d-6586-4370-a8ae-24e00a92e1c0,domain_keyword,hr:employee,employee,"{""domain"": ""hr""}",2026-04-11 19:00:58.138716+00,2026-04-11 19:00:58.138717+00
a04cac97-a954-403b-b41a-2761b78b8db5,7dcc2d9d-6586-4370-a8ae-24e00a92e1c0,domain_keyword,hr:hr,hr,"{""domain"": ""hr""}",2026-04-11 19:00:58.138414+00,2026-04-11 19:00:58.138414+00
1d874cab-6481-43d5-8c9f-eec9aedea6a1,7dcc2d9d-6586-4370-a8ae-24e00a92e1c0,domain_keyword,hr:leave,leave,"{""domain"": ""hr""}",2026-04-11 19:00:58.139324+00,2026-04-11 19:00:58.139325+00
57a3f0f0-e087-4dc2-be27-dc1bde1a67fd,7dcc2d9d-6586-4370-a8ae-24e00a92e1c0,domain_keyword,hr:payroll,payroll,"{""domain"": ""hr""}",2026-04-11 19:00:58.139626+00,2026-04-11 19:00:58.139626+00
21160440-692a-4211-be72-cf86e8cb4f16,7dcc2d9d-6586-4370-a8ae-24e00a92e1c0,domain_keyword,hr:staff,staff,"{""domain"": ""hr""}",2026-04-11 19:00:58.139026+00,2026-04-11 19:00:58.139027+00
2ccb2e38-1f6d-4670-bd38-27b06e2a2d6b,7dcc2d9d-6586-4370-a8ae-24e00a92e1c0,domain_keyword,notices:announcement,announcement,"{""domain"": ""notices""}",2026-04-11 19:00:58.140254+00,2026-04-11 19:00:58.140255+00
837bd1e1-d64c-40fe-a14d-c3e07e3735ab,7dcc2d9d-6586-4370-a8ae-24e00a92e1c0,domain_keyword,notices:circular,circular,"{""domain"": ""notices""}",2026-04-11 19:00:58.141099+00,2026-04-11 19:00:58.141099+00
69f228c3-eaa5-4ca6-a0b7-286883c5bdfb,7dcc2d9d-6586-4370-a8ae-24e00a92e1c0,domain_keyword,notices:notice,notice,"{""domain"": ""notices""}",2026-04-11 19:00:58.139955+00,2026-04-11 19:00:58.139956+00
40e37817-3341-4e19-bd52-4ab07f76bb42,7dcc2d9d-6586-4370-a8ae-24e00a92e1c0,domain_keyword,notices:update,update,"{""domain"": ""notices""}",2026-04-11 19:00:58.140716+00,2026-04-11 19:00:58.140719+00
fc33d0a9-1b86-4399-8444-e70e9eb37bee,7dcc2d9d-6586-4370-a8ae-24e00a92e1c0,intent,academic_list,academic_list,"{""entity_type"": ""records"", ""slot_keys"": [""record_name"", ""record_value""], ""requires_aggregation"": false, ""priority"": 140}",2026-04-11 19:00:58.145665+00,2026-04-11 19:00:58.145665+00
a7b3e165-e6ee-4ee8-8efb-65eb92a9f054,7dcc2d9d-6586-4370-a8ae-24e00a92e1c0,intent,academic_overview,academic_overview,"{""entity_type"": ""records"", ""slot_keys"": [""record_count"", ""status_summary""], ""requires_aggregation"": true, ""priority"": 100}",2026-04-11 19:00:58.143308+00,2026-04-11 19:00:58.14331+00
e50af37d-7a71-4098-9710-d9cb1cfc069d,7dcc2d9d-6586-4370-a8ae-24e00a92e1c0,intent,admin_list,admin_list,"{""entity_type"": ""records"", ""slot_keys"": [""record_name"", ""record_value""], ""requires_aggregation"": false, ""priority"": 140}",2026-04-11 19:00:58.167974+00,2026-04-11 19:00:58.167974+00
b5302425-9fb3-4ef2-98df-bb9b33c232c5,7dcc2d9d-6586-4370-a8ae-24e00a92e1c0,intent,admin_overview,admin_overview,"{""entity_type"": ""records"", ""slot_keys"": [""record_count"", ""status_summary""], ""requires_aggregation"": true, ""priority"": 100}",2026-04-11 19:00:58.166739+00,2026-04-11 19:00:58.16674+00
8b24d96f-3193-4a78-a780-04a547021214,7dcc2d9d-6586-4370-a8ae-24e00a92e1c0,intent,admissions_list,admissions_list,"{""entity_type"": ""records"", ""slot_keys"": [""record_name"", ""record_value""], ""requires_aggregation"": false, ""priority"": 140}",2026-04-11 19:00:58.156659+00,2026-04-11 19:00:58.156659+00
6be5f7cb-6db8-4562-b5d8-8fd2848782c4,7dcc2d9d-6586-4370-a8ae-24e00a92e1c0,intent,admissions_overview,admissions_overview,"{""entity_type"": ""records"", ""slot_keys"": [""record_count"", ""status_summary""], ""requires_aggregation"": true, ""priority"": 100}",2026-04-11 19:00:58.155482+00,2026-04-11 19:00:58.155482+00
d38780d0-7135-4bfd-a6f0-2ae5f81ee24b,7dcc2d9d-6586-4370-a8ae-24e00a92e1c0,intent,campus_list,campus_list,"{""entity_type"": ""records"", ""slot_keys"": [""record_name"", ""record_value""], ""requires_aggregation"": false, ""priority"": 140}",2026-04-11 19:00:58.165548+00,2026-04-11 19:00:58.165549+00
7cdd02d9-b4e9-4eda-b795-fc8dfe2bf83e,7dcc2d9d-6586-4370-a8ae-24e00a92e1c0,intent,campus_overview,campus_overview,"{""entity_type"": ""records"", ""slot_keys"": [""record_count"", ""status_summary""], ""requires_aggregation"": true, ""priority"": 100}",2026-04-11 19:00:58.163767+00,2026-04-11 19:00:58.163768+00
c49fbc62-7160-4920-a00a-bbc4cc10bbe9,7dcc2d9d-6586-4370-a8ae-24e00a92e1c0,intent,department_list,department_list,"{""entity_type"": ""records"", ""slot_keys"": [""record_name"", ""record_value""], ""requires_aggregation"": false, ""priority"": 140}",2026-04-11 19:00:58.162259+00,2026-04-11 19:00:58.162259+00
de89ab54-f2c9-49a5-944d-28630a4ed27b,7dcc2d9d-6586-4370-a8ae-24e00a92e1c0,intent,department_overview,department_overview,"{""entity_type"": ""records"", ""slot_keys"": [""record_count"", ""status_summary""], ""requires_aggregation"": true, ""priority"": 100}",2026-04-11 19:00:58.160395+00,2026-04-11 19:00:58.160396+00
98eab98b-beb3-4fbe-a51f-624345693ac5,7dcc2d9d-6586-4370-a8ae-24e00a92e1c0,intent,exam_list,exam_list,"{""entity_type"": ""records"", ""slot_keys"": [""record_name"", ""record_value""], ""requires_aggregation"": false, ""priority"": 140}",2026-04-11 19:00:58.159142+00,2026-04-11 19:00:58.159143+00
784ea815-9005-4718-8f5c-546c6c2bfc48,7dcc2d9d-6586-4370-a8ae-24e00a92e1c0,intent,exam_overview,exam_overview,"{""entity_type"": ""records"", ""slot_keys"": [""record_count"", ""status_summary""], ""requires_aggregation"": true, ""priority"": 100}",2026-04-11 19:00:58.157914+00,2026-04-11 19:00:58.157915+00
2ba269f4-7ae0-4ec1-b635-44d445c5649b,7dcc2d9d-6586-4370-a8ae-24e00a92e1c0,intent,finance_list,finance_list,"{""entity_type"": ""records"", ""slot_keys"": [""record_name"", ""record_value""], ""requires_aggregation"": false, ""priority"": 140}",2026-04-11 19:00:58.150689+00,2026-04-11 19:00:58.15069+00
4265826a-96ae-45b9-b8c0-b387e7e4ba65,7dcc2d9d-6586-4370-a8ae-24e00a92e1c0,intent,finance_overview,finance_overview,"{""entity_type"": ""records"", ""slot_keys"": [""record_count"", ""status_summary""], ""requires_aggregation"": true, ""priority"": 100}",2026-04-11 19:00:58.147759+00,2026-04-11 19:00:58.147761+00
7fd4c40b-95aa-4d80-b07d-89ed9986c92d,7dcc2d9d-6586-4370-a8ae-24e00a92e1c0,intent,hr_list,hr_list,"{""entity_type"": ""records"", ""slot_keys"": [""record_name"", ""record_value""], ""requires_aggregation"": false, ""priority"": 140}",2026-04-11 19:00:58.154224+00,2026-04-11 19:00:58.154225+00
725d0863-60c1-4516-80c0-5f5c92986e97,7dcc2d9d-6586-4370-a8ae-24e00a92e1c0,intent,hr_overview,hr_overview,"{""entity_type"": ""records"", ""slot_keys"": [""record_count"", ""status_summary""], ""requires_aggregation"": true, ""priority"": 100}",2026-04-11 19:00:58.152656+00,2026-04-11 19:00:58.152657+00
90c08938-5c7b-4930-ae75-eac9c6743a4c,7dcc2d9d-6586-4370-a8ae-24e00a92e1c0,intent,notices_list,notices_list,"{""entity_type"": ""records"", ""slot_keys"": [""record_name"", ""record_value""], ""requires_aggregation"": false, ""priority"": 140}",2026-04-11 19:00:58.170515+00,2026-04-11 19:00:58.170516+00
e83df5f5-ca35-4e5a-82ae-1f3059f21210,7dcc2d9d-6586-4370-a8ae-24e00a92e1c0,intent,notices_overview,notices_overview,"{""entity_type"": ""records"", ""slot_keys"": [""record_count"", ""status_summary""], ""requires_aggregation"": true, ""priority"": 100}",2026-04-11 19:00:58.169183+00,2026-04-11 19:00:58.169183+00
c99d6ae4-1319-4b0a-b40a-d6fd53f32518,7dcc2d9d-6586-4370-a8ae-24e00a92e1c0,persona,admin_staff,Admin Staff,{},2026-04-11 19:00:58.109632+00,2026-04-11 19:00:58.109632+00
331bca7c-a260-47f8-9075-afc4f3770e84,7dcc2d9d-6586-4370-a8ae-24e00a92e1c0,persona,dept_head,Dept Head,{},2026-04-11 19:00:58.115621+00,2026-04-11 19:00:58.115621+00
b042bdfe-e4aa-4257-9feb-e161da2ca888,7dcc2d9d-6586-4370-a8ae-24e00a92e1c0,persona,executive,Executive,{},2026-04-11 19:00:58.110507+00,2026-04-11 19:00:58.110507+00
2304f574-84a4-4756-8370-02cc37044e90,7dcc2d9d-6586-4370-a8ae-24e00a92e1c0,persona,faculty,Faculty,{},2026-04-11 19:00:58.112015+00,2026-04-11 19:00:58.112015+00
cd021002-15ab-4d09-86e8-9e9f345471a2,7dcc2d9d-6586-4370-a8ae-24e00a92e1c0,persona,it_head,It Head,{},2026-04-11 19:00:58.126397+00,2026-04-11 19:00:58.126398+00
d1b3e52e-e4ad-4c78-8fbd-49a0bda33a71,7dcc2d9d-6586-4370-a8ae-24e00a92e1c0,persona,student,Student,{},2026-04-11 19:00:58.116724+00,2026-04-11 19:00:58.116724+00
013b2a9e-7e92-4cd8-89c8-4e385274d21a,7dcc2d9d-6586-4370-a8ae-24e00a92e1c0,role_policy,admin_staff,Admin Staff,"{""row_scope_mode"": ""admin_function"", ""aggregate_only"": false, ""chat_enabled"": true, ""masked_fields"": []}",2026-04-11 19:00:58.096172+00,2026-04-11 19:00:58.096172+00
71d1b001-f258-4765-9d6f-994761f362e2,7dcc2d9d-6586-4370-a8ae-24e00a92e1c0,role_policy,dept_head,Department Head,"{""row_scope_mode"": ""department_id"", ""aggregate_only"": false, ""chat_enabled"": true, ""masked_fields"": []}",2026-04-11 19:00:58.100764+00,2026-04-11 19:00:58.100764+00
fe9236e1-bda2-42fa-bb23-dc2b11ead970,7dcc2d9d-6586-4370-a8ae-24e00a92e1c0,role_policy,executive,Executive,"{""row_scope_mode"": null, ""aggregate_only"": true, ""chat_enabled"": true, ""masked_fields"": []}",2026-04-11 19:00:58.102088+00,2026-04-11 19:00:58.102089+00
189385a0-325b-4b91-a297-d08de44265ed,7dcc2d9d-6586-4370-a8ae-24e00a92e1c0,role_policy,faculty,Faculty,"{""row_scope_mode"": ""course_ids"", ""aggregate_only"": false, ""chat_enabled"": true, ""masked_fields"": []}",2026-04-11 19:00:58.104466+00,2026-04-11 19:00:58.104467+00
5f3589b8-97f4-4377-b6bd-c03c8d981b3f,7dcc2d9d-6586-4370-a8ae-24e00a92e1c0,role_policy,it_head,IT Head,"{""row_scope_mode"": null, ""aggregate_only"": false, ""chat_enabled"": false, ""masked_fields"": []}",2026-04-11 19:00:58.105307+00,2026-04-11 19:00:58.105308+00
ba190c57-0116-4fdc-9ab1-cbae9bd3622f,7dcc2d9d-6586-4370-a8ae-24e00a92e1c0,role_policy,student,Student,"{""row_scope_mode"": ""owner_id"", ""aggregate_only"": false, ""chat_enabled"": true, ""masked_fields"": []}",2026-04-11 19:00:58.107396+00,2026-04-11 19:00:58.107397+00
8965820f-adeb-4e51-95f0-8ca53bf9495b,7dcc2d9d-6586-4370-a8ae-24e00a92e1c0,tenant,7dcc2d9d-6586-4370-a8ae-24e00a92e1c0,College One,"{""domain"": ""college1.com"", ""subdomain"": ""college1"", ""plan_tier"": ""starter"", ""status"": ""active""}",2026-04-11 19:00:58.096168+00,2026-04-11 19:00:58.096171+00
53f724b0-d9d5-4ce3-90cc-948bf36b6e7b,7dcc2d9d-6586-4370-a8ae-24e00a92e1c0,user,008b255f-8b18-461a-afea-14ddc545f998,student8@college1.com,"{""name"": ""Student 8"", ""persona"": ""student"", ""department"": null, ""admin_function"": null, ""external_id"": ""STU-B7DBF95E""}",2026-04-11 19:00:58.121639+00,2026-04-11 19:00:58.12164+00
b8a6baa7-f23e-42a4-a300-e018ce4afa3e,7dcc2d9d-6586-4370-a8ae-24e00a92e1c0,user,1056e0be-9444-4de9-91a3-7872d71bd926,student5@college1.com,"{""name"": ""Student 5"", ""persona"": ""student"", ""department"": null, ""admin_function"": null, ""external_id"": ""STU-B771D39D""}",2026-04-11 19:00:58.119104+00,2026-04-11 19:00:58.119105+00
7d1705e7-3084-4abd-9586-13aeeddf8034,7dcc2d9d-6586-4370-a8ae-24e00a92e1c0,user,1321de64-954b-4b69-8738-40a68a7164a7,admissions@college1.com,"{""name"": ""Admissions Office"", ""persona"": ""admin_staff"", ""department"": null, ""admin_function"": ""admissions"", ""external_id"": ""ADM-5DC96E8D""}",2026-04-11 19:00:58.109191+00,2026-04-11 19:00:58.109192+00
2cbf7281-22e8-4c63-bff5-df8e84f1e0a0,7dcc2d9d-6586-4370-a8ae-24e00a92e1c0,user,1810e245-5ff8-4397-9939-4376b035360a,student9@college1.com,"{""name"": ""Student 9"", ""persona"": ""student"", ""department"": null, ""admin_function"": null, ""external_id"": ""STU-503F17B0""}",2026-04-11 19:00:58.123498+00,2026-04-11 19:00:58.123502+00
98a481ab-a0dc-4035-96f2-2b2c41e1d645,7dcc2d9d-6586-4370-a8ae-24e00a92e1c0,user,1a6a983c-8e40-4c7c-ba1e-9ddcab8d4585,student7@college1.com,"{""name"": ""Student 7"", ""persona"": ""student"", ""department"": null, ""admin_function"": null, ""external_id"": ""STU-862C65A1""}",2026-04-11 19:00:58.12015+00,2026-04-11 19:00:58.120151+00
56a92ac0-824e-47a7-9475-57d68a3dcf77,7dcc2d9d-6586-4370-a8ae-24e00a92e1c0,user,21c8895e-1caf-42f0-bfe2-a6d425745616,student6@college1.com,"{""name"": ""Student 6"", ""persona"": ""student"", ""department"": null, ""admin_function"": null, ""external_id"": ""STU-9D469B9E""}",2026-04-11 19:00:58.119529+00,2026-04-11 19:00:58.11953+00
906ad6e0-c3a6-4a29-b949-d33c0c7cf040,7dcc2d9d-6586-4370-a8ae-24e00a92e1c0,user,254d9d5e-0370-4f16-bdf8-1a68e96faacb,faculty1@college1.com,"{""name"": ""Faculty 1"", ""persona"": ""faculty"", ""department"": null, ""admin_function"": null, ""external_id"": ""FAC-9C750F51""}",2026-04-11 19:00:58.11167+00,2026-04-11 19:00:58.111671+00
27c35c54-71dc-436f-b1be-ff8a696b50bc,7dcc2d9d-6586-4370-a8ae-24e00a92e1c0,user,2b6563c9-e888-4b73-ae67-b57a68813e97,student3@college1.com,"{""name"": ""Student 3"", ""persona"": ""student"", ""department"": null, ""admin_function"": null, ""external_id"": ""STU-530B6D25""}",2026-04-11 19:00:58.118277+00,2026-04-11 19:00:58.118278+00
1109f515-0f09-4326-a522-4c8ba9761a2d,7dcc2d9d-6586-4370-a8ae-24e00a92e1c0,user,38feb699-11d6-4740-8525-d619cb0e1ca2,exam@college1.com,"{""name"": ""Exam Office"", ""persona"": ""admin_staff"", ""department"": null, ""admin_function"": ""exam"", ""external_id"": ""EXM-6A2B624F""}",2026-04-11 19:00:58.11101+00,2026-04-11 19:00:58.111011+00
24907f25-e736-48bf-8714-efb40ffd9315,7dcc2d9d-6586-4370-a8ae-24e00a92e1c0,user,3e2569c0-8dff-4386-b6aa-ac79d9817134,tenant.admin@college1.com,"{""name"": ""Tenant Admin"", ""persona"": ""it_head"", ""department"": null, ""admin_function"": null, ""external_id"": ""ADM-77BD2690""}",2026-04-11 19:00:58.126115+00,2026-04-11 19:00:58.126116+00
7d0bd9ea-8cba-48f3-8545-ef24709d060a,7dcc2d9d-6586-4370-a8ae-24e00a92e1c0,user,4aa5e6d8-3276-4940-bc43-e6228ea5ece7,finance@college1.com,"{""name"": ""Finance Office"", ""persona"": ""admin_staff"", ""department"": null, ""admin_function"": ""finance"", ""external_id"": ""FIN-5F2B5DD7""}",2026-04-11 19:00:58.114912+00,2026-04-11 19:00:58.114913+00
bedcda18-90a8-4cf8-8bdc-77ebe045cfcf,7dcc2d9d-6586-4370-a8ae-24e00a92e1c0,user,4cf50b47-0c91-475c-8db0-933c27fc3918,student2@college1.com,"{""name"": ""Student 2"", ""persona"": ""student"", ""department"": null, ""admin_function"": null, ""external_id"": ""STU-69CE18C8""}",2026-04-11 19:00:58.117642+00,2026-04-11 19:00:58.117643+00
c52b0b43-6e60-4689-b665-437e1dcba447,7dcc2d9d-6586-4370-a8ae-24e00a92e1c0,user,58f4bdfe-239c-46f4-9cc2-a02b548b9f0c,faculty4@college1.com,"{""name"": ""Faculty 4"", ""persona"": ""faculty"", ""department"": null, ""admin_function"": null, ""external_id"": ""FAC-AE9E64A9""}",2026-04-11 19:00:58.11383+00,2026-04-11 19:00:58.113831+00
1e3a4519-b0d0-4158-87d7-98757ae54991,7dcc2d9d-6586-4370-a8ae-24e00a92e1c0,user,767cca96-2b28-41d7-8ce8-729acd126d8d,student1@college1.com,"{""name"": ""Student 1"", ""persona"": ""student"", ""department"": null, ""admin_function"": null, ""external_id"": ""STU-C1778357""}",2026-04-11 19:00:58.117109+00,2026-04-11 19:00:58.117109+00
799040bb-83a1-4ce1-bf1f-e502fb223d44,7dcc2d9d-6586-4370-a8ae-24e00a92e1c0,user,8cf4fbdf-2ce8-4432-8c96-3a30a55a3d70,hod.cse@college1.com,"{""name"": ""CSE Department Head"", ""persona"": ""dept_head"", ""department"": ""cse"", ""admin_function"": null, ""external_id"": ""HOD-B74003F8""}",2026-04-11 19:00:58.115363+00,2026-04-11 19:00:58.115363+00
3e5cae2b-85c0-49fc-8659-3e3c74d5f2bf,7dcc2d9d-6586-4370-a8ae-24e00a92e1c0,user,8fd5e762-41ef-4aef-94fb-8e0fa046ca77,faculty3@college1.com,"{""name"": ""Faculty 3"", ""persona"": ""faculty"", ""department"": null, ""admin_function"": null, ""external_id"": ""FAC-B29B943F""}",2026-04-11 19:00:58.113143+00,2026-04-11 19:00:58.113144+00
8d203ee6-b85a-4cf5-b041-c806f57e5de5,7dcc2d9d-6586-4370-a8ae-24e00a92e1c0,user,ab7bbf53-2128-4848-be97-b92b49b34f26,student10@college1.com,"{""name"": ""Student 10"", ""persona"": ""student"", ""department"": null, ""admin_function"": null, ""external_id"": ""STU-C1F90295""}",2026-04-11 19:00:58.116474+00,2026-04-11 19:00:58.116474+00
979d8b0d-dc3f-4eab-944e-fc6ec0826aaa,7dcc2d9d-6586-4370-a8ae-24e00a92e1c0,user,ac3228e6-34c6-4d89-b5ce-00ffdb008144,faculty2@college1.com,"{""name"": ""Faculty 2"", ""persona"": ""faculty"", ""department"": null, ""admin_function"": null, ""external_id"": ""FAC-F5166A3C""}",2026-04-11 19:00:58.112547+00,2026-04-11 19:00:58.112548+00
38594760-988f-44f6-a4d2-b9020147b8ad,7dcc2d9d-6586-4370-a8ae-24e00a92e1c0,user,b5095516-c2e4-44ea-9ace-518dceaa51b9,dean@college1.com,"{""name"": ""Dean"", ""persona"": ""executive"", ""department"": null, ""admin_function"": null, ""external_id"": ""EXE-53FBDB8F""}",2026-04-11 19:00:58.110185+00,2026-04-11 19:00:58.110186+00
b27c15f3-8743-4cd1-aa7d-64f32f141f6c,7dcc2d9d-6586-4370-a8ae-24e00a92e1c0,user,ca4b62c6-34b5-4559-9a4f-186e81e0f057,student4@college1.com,"{""name"": ""Student 4"", ""persona"": ""student"", ""department"": null, ""admin_function"": null, ""external_id"": ""STU-8FD638F6""}",2026-04-11 19:00:58.118699+00,2026-04-11 19:00:58.1187+00
e052fc6e-ef4e-4685-b646-1f0dd2ef7f50,7dcc2d9d-6586-4370-a8ae-24e00a92e1c0,user,e8bb8327-4da0-45d4-9f5a-16160a81cac9,hr@college1.com,"{""name"": ""HR Office"", ""persona"": ""admin_staff"", ""department"": null, ""admin_function"": ""hr"", ""external_id"": ""HR-BD3F5CBE""}",2026-04-11 19:00:58.116077+00,2026-04-11 19:00:58.116078+00
61720365-d320-464a-aa64-d84fbfce9e42,7dcc2d9d-6586-4370-a8ae-24e00a92e1c0,user,f2b9c4c0-124b-4ae5-9e97-dca845f62556,faculty5@college1.com,"{""name"": ""Faculty 5"", ""persona"": ""faculty"", ""department"": null, ""admin_function"": null, ""external_id"": ""FAC-4D3B528C""}",2026-04-11 19:00:58.114261+00,2026-04-11 19:00:58.114262+00
